iteration,source,score,weights,valid,mu_ann,sigma_ann,sigma_q_0.8,sigma_q_0.9,sigma_q_0.95,mean_sigma_ann,median_sigma_ann,mean_var_ann,median_var_ann,risk_violation,concentration,n_assets,step,model,train_start,train_end,test_start,test_end
-1,seed,-0.0467250442375802,"{""DELI"": 0.12891826169701262, ""SBER"": 0.2815984007508752, ""FXIT"": 0.35638530361661197, ""USD000UTSTOM"": 0.18231079372410838, ""MSNG"": 0.02067855777308105, ""LQDT"": 0.030108682438310892}",1,-0.04157505577445231,0.1514273974595068,0.11518737561117907,0.1514273974595068,0.16956294522667084,0.09392362662713269,0.08784610221096639,0.010297161208406111,0.007716937673659555,0.0,0.25749942315639474,6,99,openai/gpt-oss-20b,2024-03-27 00:00:00,2026-03-19 00:00:00,2026-03-20 00:00:00,2026-04-17 00:00:00
-1,seed,-0.23776419835988116,"{""UNAC"": 0.37682678657728175, ""FXUS"": 0.08065352887331294, ""SU26244RMFS2"": 0.5425196845494054}",1,-0.22890757782137186,0.27068971774553763,0.23257939110979314,0.27068971774553763,0.28762241008158046,0.17824642918315306,0.17495216851519285,0.03674430900746778,0.030608261268168433,0.0,0.44283102692546483,3,99,openai/gpt-oss-20b,2024-03-27 00:00:00,2026-03-19 00:00:00,2026-03-20 00:00:00,2026-04-17 00:00:00
-1,seed,-0.13738152062977638,"{""FIVE"": 0.07519938132534963, ""ASTR"": 0.18115279836218948, ""RTKM"": 0.04753791006573132, ""BSPB"": 0.00013640808660518873, ""MOEX"": 0.026252289707659422, ""TRNFP"": 0.4318888972128887, ""SU26243RMFS4"": 0.02218703964043806, ""MAGN"": 0.21564527559913826}",1,-0.13188265049630346,0.31574825508812765,0.2917751131261344,0.31574825508812765,0.3266081087782891,0.21193381395104757,0.19615393081016405,0.051232998403868794,0.038476364572278626,0.0,0.27494350667364575,8,99,openai/gpt-oss-20b,2024-03-27 00:00:00,2026-03-19 00:00:00,2026-03-20 00:00:00,2026-04-17 00:00:00
-1,seed,-1.415752671258611,"{""SNGSP"": 0.3488709511762696, ""RUAL"": 0.02033574317180247, ""EUR_RUB__TOM"": 0.11281039281293388, ""MAGN"": 0.03564777899940423, ""UNAC"": 0.4823351338395898}",1,-0.26707056217110037,0.40706533684114027,0.31054951852205626,0.40706533684114027,0.4518645405475885,0.24887607613836657,0.22818303452580285,0.07092856933313588,0.052067497245403736,0.05706533684114029,0.3687686132352384,5,99,openai/gpt-oss-20b,2024-03-27 00:00:00,2026-03-19 00:00:00,2026-03-20 00:00:00,2026-04-17 00:00:00
-1,seed,-0.08186184050548836,"{""MSNG"": 0.22013836523173022, ""SOFL"": 0.0990157537710277, ""TITR"": 0.04131448590892062, ""HEAD"": 0.00960909688112941, ""FLOT"": 0.3535644491984552, ""PHOR"": 0.2749291921452489, ""HYDR"": 0.0014286568634880763}",1,-0.07664863725905612,0.3466420955531325,0.2907339847304012,0.3466420955531325,0.3620932997837551,0.22872630131909236,0.2202102412988079,0.05851581210389347,0.0484925503728792,0.0,0.26066016232161254,7,99,openai/gpt-oss-20b,2024-03-27 00:00:00,2026-03-19 00:00:00,2026-03-20 00:00:00,2026-04-17 00:00:00
-1,seed,-0.08551672211891098,"{""AFLT"": 0.016382177739785498, ""BELU"": 0.09260950615931166, ""IRAO"": 0.2549250009192562, ""JPYRUB_TOM"": 0.15022504206932946, ""SBRB"": 0.2697336534523949, ""FIVE"": 0.2062391435689053, ""SBGB"": 0.009885476091017132}",1,-0.08128096678852413,0.11762418747285204,0.09613301825846877,0.11762418747285204,0.1377379333219638,0.09674361250388072,0.06852566547476287,0.022319725989122505,0.004695766828759107,0.0,0.21178776651934236,7,99,openai/gpt-oss-20b,2024-03-27 00:00:00,2026-03-19 00:00:00,2026-03-20 00:00:00,2026-04-17 00:00:00
-1,seed,-0.00849531131453062,"{""IRAO"": 0.38237347919088893, ""MOEX"": 0.21258991480024425, ""SBER"": 0.24998116979251486, ""USD000UTSTOM"": 0.08779444531521415, ""MGNT"": 0.06726099090113793}",1,-0.0031727825097433507,0.26131330716827217,0.23647555526598596,0.26131330716827217,0.2897208427295053,0.17702223215421423,0.16614239687047666,0.03486639834379647,0.02760329603786697,0.0,0.2661264402393635,5,99,openai/gpt-oss-20b,2024-03-27 00:00:00,2026-03-19 00:00:00,2026-03-20 00:00:00,2026-04-17 00:00:00
-1,seed,-0.05428817738139291,"{""SBHI"": 0.03912813344390239, ""FXMM"": 0.009745196212164544, ""EUR_RUB__TOM"": 0.27069729892782907, ""FXIT"": 0.09592872139040254, ""FLOT"": 0.3194239576041279, ""MOEX"": 0.06969678555350499, ""HEAD"": 0.19537990686806866}",1,-0.04970481855086916,0.22560070680378871,0.20083566917065274,0.22560070680378871,0.2591895164246113,0.153007082363899,0.14557395780510843,0.02618441674754949,0.021191777191043485,0.0,0.2291679415261875,7,99,openai/gpt-oss-20b,2024-03-27 00:00:00,2026-03-19 00:00:00,2026-03-20 00:00:00,2026-04-17 00:00:00
-1,seed,-0.039390762042405374,"{""CHFRUB_TOM"": 0.004469799384027062, ""AKMB"": 0.17095494303668046, ""TBRU"": 0.112993221801597, ""BSPB"": 0.17750276662057662, ""TGKN"": 0.15417417836363104, ""UPRO"": 0.3751363258515377, ""BELU"": 0.004768764941950153}",1,-0.03462996297534867,0.2829632390865445,0.2582539719426309,0.2829632390865445,0.2998373553669308,0.20498624261479528,0.20148040571344467,0.0453682889468413,0.04059435388645427,0.0,0.23803995335283526,7,99,openai/gpt-oss-20b,2024-03-27 00:00:00,2026-03-19 00:00:00,2026-03-20 00:00:00,2026-04-17 00:00:00
-1,seed,-1.0246331156842365,"{""LSRG"": 0.051134368657142375, ""TATN"": 0.40316436718596943, ""HEAD"": 0.03398063364848378, ""CBOM"": 0.09623320796696241, ""MAGN"": 0.09329543020858978, ""NVTK"": 0.3221919923328522}",1,0.015170592442334567,0.40170210194470213,0.33135199221529105,0.40170210194470213,0.44174117342920916,0.2632832796421623,0.2566696080972624,0.07742582584928888,0.06587928772080227,0.05170210194470215,0.28808346162641135,6,99,openai/gpt-oss-20b,2024-03-27 00:00:00,2026-03-19 00:00:00,2026-03-20 00:00:00,2026-04-17 00:00:00
0,llm,-0.0031930588143159874,"{""IRAO"": 0.40404040404040403, ""MOEX"": 0.20202020202020202, ""SBER"": 0.2525252525252525, ""USD000UTSTOM"": 0.0909090909090909, ""MGNT"": 0.050505050505050504}",1,0.0023798419100998884,0.25907101760910634,0.23293438452641013,0.25907101760910634,0.2872571607244851,0.1759527804187913,0.16436864414157862,0.034374159588280224,0.02701705117694091,0.0,0.2786450362207938,5,99,openai/gpt-oss-20b,2024-03-27 00:00:00,2026-03-19 00:00:00,2026-03-20 00:00:00,2026-04-17 00:00:00
0,llm,-0.07620505100281451,"{""SBER"": 0.25, ""FXIT"": 0.3, ""USD000UTSTOM"": 0.18, ""DELI"": 0.15, ""LQDT"": 0.02, ""MSNG"": 0.1}",1,-0.07184905100281451,0.16979191127364157,0.13705590809164528,0.16979191127364157,0.19947805578041883,0.10937488276659817,0.10125573992269728,0.01367564093106563,0.010252724867292912,0.0,0.2178,6,99,openai/gpt-oss-20b,2024-03-27 00:00:00,2026-03-19 00:00:00,2026-03-20 00:00:00,2026-04-17 00:00:00
0,llm,-0.008382458469501634,"{""FXUS"": 0.2, ""FXCN"": 0.2, ""FXIT"": 0.2, ""FXMM"": 0.2, ""EUR_RUB__TOM"": 0.2}",1,-0.004382458469501634,0.009568255751097704,0.0,0.009568255751097704,0.015094843347122,0.0015495524011771397,0.0,2.264989504979911e-05,0.0,0.0,0.20000000000000004,5,99,openai/gpt-oss-20b,2024-03-27 00:00:00,2026-03-19 00:00:00,2026-03-20 00:00:00,2026-04-17 00:00:00
1,llm,-0.026874282248667926,"{""IRAO"": 0.35, ""MOEX"": 0.25, ""SBER"": 0.2, ""USD000UTSTOM"": 0.1, ""MGNT"": 0.1}",1,-0.021974282248667928,0.26433169821700403,0.23473138070833544,0.26433169821700403,0.2829161055649532,0.1770136198399484,0.16788503034833177,0.03479233013376634,0.028185383415060276,0.0,0.245,5,99,openai/gpt-oss-20b,2024-03-27 00:00:00,2026-03-19 00:00:00,2026-03-20 00:00:00,2026-04-17 00:00:00
1,llm,0.014175048680639091,"{""SBER"": 0.2105263157894737, ""IRAO"": 0.15789473684210525, ""MOEX"": 0.15789473684210525, ""USD000UTSTOM"": 0.15789473684210525, ""FXIT"": 0.10526315789473685, ""FXMM"": 0.10526315789473685, ""EUR_RUB__TOM"": 0.052631578947368425, ""FXUS"": 0.052631578947368425}",1,0.01711133676928175,0.15722200091272728,0.13996175677259773,0.15722200091272728,0.16948880386758108,0.10580512715360149,0.098646030831277,0.012405101632042403,0.009731039398765252,0.0,0.14681440443213298,8,99,openai/gpt-oss-20b,2024-03-27 00:00:00,2026-03-19 00:00:00,2026-03-20 00:00:00,2026-04-17 00:00:00
1,llm,0.009456488968844424,"{""SBER"": 0.16304347826086954, ""IRAO"": 0.13043478260869565, ""MOEX"": 0.13043478260869565, ""USD000UTSTOM"": 0.10869565217391304, ""FXIT"": 0.10869565217391304, ""FXMM"": 0.10869565217391304, ""EUR_RUB__TOM"": 0.10869565217391304, ""FXUS"": 0.14130434782608695}",1,0.012013199743891683,0.12651947899313082,0.11235455970529534,0.12651947899313082,0.13679164975774827,0.08491553415588746,0.07891727154532473,0.007980860099783623,0.00622793574815852,0.0,0.12783553875236292,8,99,openai/gpt-oss-20b,2024-03-27 00:00:00,2026-03-19 00:00:00,2026-03-20 00:00:00,2026-04-17 00:00:00
2,llm,0.017477334083834888,"{""SBER"": 0.2631578947368421, ""IRAO"": 0.21052631578947367, ""MOEX"": 0.21052631578947367, ""USD000UTSTOM"": 0.21052631578947367, ""FXIT"": 0.10526315789473684}",1,0.02174326206167422,0.20420687837487783,0.1813442016295995,0.20420687837487783,0.22078652241601474,0.13758496644308094,0.12868577630312747,0.020963289649848237,0.016560029022738565,0.0,0.21329639889196672,5,99,openai/gpt-oss-20b,2024-03-27 00:00:00,2026-03-19 00:00:00,2026-03-20 00:00:00,2026-04-17 00:00:00
2,llm,0.0030227494825550093,"{""SBER"": 0.125, ""IRAO"": 0.125, ""MOEX"": 0.125, ""USD000UTSTOM"": 0.125, ""FXIT"": 0.125, ""FXMM"": 0.125, ""FXUS"": 0.125, ""EUR_RUB__TOM"": 0.125}",1,0.005522749482555009,0.11176024470622736,0.09923435301855622,0.11176024470622736,0.1197317735796941,0.0761010438409147,0.07057550054609764,0.006364125008004281,0.004980901277332229,0.0,0.125,8,99,openai/gpt-oss-20b,2024-03-27 00:00:00,2026-03-19 00:00:00,2026-03-20 00:00:00,2026-04-17 00:00:00
2,llm,-0.014066328924391896,"{""FXUS"": 0.16666666666666666, ""FXCN"": 0.16666666666666666, ""FXIT"": 0.16666666666666666, ""FXMM"": 0.16666666666666666, ""EUR_RUB__TOM"": 0.16666666666666666, ""USD000UTSTOM"": 0.16666666666666666}",1,-0.010732995591058562,0.02563937090813919,0.0,0.02563937090813919,0.027516417310568926,0.00683829349873966,0.0,0.0004550689663004796,0.0,0.0,0.16666666666666666,6,99,openai/gpt-oss-20b,2024-03-27 00:00:00,2026-03-19 00:00:00,2026-03-20 00:00:00,2026-04-17 00:00:00
3,llm,0.01982422589208424,"{""SBER"": 0.2631578947368421, ""IRAO"": 0.21052631578947367, ""MOEX"": 0.21052631578947367, ""USD000UTSTOM"": 0.15789473684210525, ""FXIT"": 0.15789473684210525}",1,0.02397935054582385,0.20420687837487783,0.1813442016295995,0.20420687837487783,0.22078652241601474,0.1362413961281075,0.1264159476310834,0.02062252763979897,0.01598099181546482,0.0,0.20775623268698057,5,99,openai/gpt-oss-20b,2024-03-27 00:00:00,2026-03-19 00:00:00,2026-03-20 00:00:00,2026-04-17 00:00:00
3,llm,0.009396519526507847,"{""SBER"": 0.1956521739130435, ""IRAO"": 0.1956521739130435, ""MOEX"": 0.1956521739130435, ""USD000UTSTOM"": 0.1956521739130435, ""FXIT"": 0.10869565217391305, ""FXUS"": 0.10869565217391305}",1,0.012931491171120323,0.17492907867061674,0.15532333515947933,0.17492907867061674,0.18740625429865163,0.11863300926076295,0.11032537332045825,0.015517073567758407,0.012171687998298479,0.0,0.17674858223062384,6,99,openai/gpt-oss-20b,2024-03-27 00:00:00,2026-03-19 00:00:00,2026-03-20 00:00:00,2026-04-17 00:00:00
3,llm,0.0007225849686686063,"{""EUR_RUB__TOM"": 0.15, ""FXCN"": 0.15, ""FXMM"": 0.15, ""FXUS"": 0.15, ""SBER"": 0.1, ""IRAO"": 0.1, ""MOEX"": 0.1, ""USD000UTSTOM"": 0.1}",1,0.0033225849686686067,0.0894081957649819,0.07938748241484499,0.0894081957649819,0.09578541886375529,0.061042410567933365,0.05669844122561094,0.0040870088587234305,0.0032147132374140586,0.0,0.13,8,99,openai/gpt-oss-20b,2024-03-27 00:00:00,2026-03-19 00:00:00,2026-03-20 00:00:00,2026-04-17 00:00:00
4,llm,0.03152691013966342,"{""SBER"": 0.30000000000000004, ""IRAO"": 0.22000000000000003, ""MOEX"": 0.20000000000000004, ""FXIT"": 0.20000000000000004, ""FXUS"": 0.08000000000000002}",1,0.03602291013966342,0.21422301939066019,0.19117766873011144,0.21422301939066019,0.23171298743612864,0.1398104826584787,0.13131899043694734,0.02216493712430331,0.017244677249379062,0.0,0.22480000000000006,5,99,openai/gpt-oss-20b,2024-03-27 00:00:00,2026-03-19 00:00:00,2026-03-20 00:00:00,2026-04-17 00:00:00
4,llm,0.008307296534966672,"{""SBER"": 0.1764705882352941, ""IRAO"": 0.1764705882352941, ""MOEX"": 0.1764705882352941, ""USD000UTSTOM"": 0.1764705882352941, ""FXIT"": 0.14705882352941177, ""FXUS"": 0.14705882352941177}",1,0.011663697919049717,0.15777916899702685,0.14009555720266761,0.15777916899702685,0.1690330921125093,0.10700232207833521,0.09950916024982506,0.012623655389994918,0.009902072973625364,0.0,0.16782006920415224,6,99,openai/gpt-oss-20b,2024-03-27 00:00:00,2026-03-19 00:00:00,2026-03-20 00:00:00,2026-04-17 00:00:00
4,llm,0.008983253399250844,"{""FXUS"": 0.25, ""FXCN"": 0.2, ""FXMM"": 0.2, ""FXIT"": 0.15, ""EUR_RUB__TOM"": 0.1, ""SBER"": 0.1}",1,0.012683253399250844,0.03348420957338798,0.029733232578328758,0.03348420957338798,0.03632108670295738,0.021536783293519348,0.020075157636467094,0.0005521856361299931,0.0004030119541290031,0.0,0.18500000000000003,6,99,openai/gpt-oss-20b,2024-03-27 00:00:00,2026-03-19 00:00:00,2026-03-20 00:00:00,2026-04-17 00:00:00
5,llm,0.0373088018931194,"{""SBER"": 0.35, ""IRAO"": 0.25, ""MOEX"": 0.2, ""FXIT"": 0.2}",1,0.0426088018931194,0.237268999982583,0.21214006252219336,0.237268999982583,0.25780624628008925,0.15482898915319251,0.14551384840585113,0.027225003431900343,0.021174280077881025,0.0,0.265,4,99,openai/gpt-oss-20b,2024-03-27 00:00:00,2026-03-19 00:00:00,2026-03-20 00:00:00,2026-04-17 00:00:00
5,llm,0.02545323519835912,"{""SBER"": 0.25, ""IRAO"": 0.2, ""MOEX"": 0.2, ""FXUS"": 0.15, ""FXIT"": 0.1, ""FXMM"": 0.1}",1,0.02915323519835912,0.19399653445613396,0.17227699154811954,0.19399653445613396,0.20974719629521404,0.12664147497909126,0.11899584576579154,0.01813395570665418,0.01416001130951605,0.0,0.18500000000000003,6,99,openai/gpt-oss-20b,2024-03-27 00:00:00,2026-03-19 00:00:00,2026-03-20 00:00:00,2026-04-17 00:00:00
5,llm,0.004471153088552933,"{""SBER"": 0.1, ""IRAO"": 0.1, ""MOEX"": 0.1, ""FXCN"": 0.2, ""FXMM"": 0.2, ""EUR_RUB__TOM"": 0.15, ""FXUS"": 0.15}",1,0.007571153088552933,0.0894081957649819,0.07938748241484499,0.0894081957649819,0.09578541886375529,0.058823319034004264,0.055281802169774776,0.003874854366012766,0.0030560776511381147,0.0,0.15500000000000003,7,99,openai/gpt-oss-20b,2024-03-27 00:00:00,2026-03-19 00:00:00,2026-03-20 00:00:00,2026-04-17 00:00:00
7,llm,0.04030637164720058,"{""SBER"": 0.35, ""FXIT"": 0.25, ""IRAO"": 0.2, ""MOEX"": 0.1, ""FXUS"": 0.1}",1,0.04520637164720058,0.19160795313434137,0.17283955166840814,0.19160795313434137,0.21314359448602413,0.12541130448473964,0.11690611171515405,0.018029028241690042,0.013667038956356079,0.0,0.245,5,99,openai/gpt-oss-20b,2024-03-27 00:00:00,2026-03-19 00:00:00,2026-03-20 00:00:00,2026-04-17 00:00:00
7,llm,0.007260651210098028,"{""SBER"": 0.25, ""IRAO"": 0.2, ""MOEX"": 0.2, ""GAZP"": 0.15, ""LKOH"": 0.2}",1,0.011360651210098029,0.31116067126066627,0.26093774020627736,0.31116067126066627,0.3283831104928312,0.20594042082313233,0.20320624529771975,0.047046378898217535,0.041292778127997046,0.0,0.20500000000000002,5,99,openai/gpt-oss-20b,2024-03-27 00:00:00,2026-03-19 00:00:00,2026-03-20 00:00:00,2026-04-17 00:00:00
7,llm,0.0070556981623632765,"{""USD000UTSTOM"": 0.2, ""FXUS"": 0.18, ""FXMM"": 0.15, ""FXIT"": 0.15, ""SBER"": 0.15, ""IRAO"": 0.1, ""MOEX"": 0.07}",1,0.010151698162363276,0.10244013590712982,0.08960983451825283,0.10244013590712982,0.11884988353384719,0.06667016350534694,0.05959011395120963,0.005025180888562825,0.003550981680718149,0.0,0.1548,7,99,openai/gpt-oss-20b,2024-03-27 00:00:00,2026-03-19 00:00:00,2026-03-20 00:00:00,2026-04-17 00:00:00
8,llm,0.00818449410147112,"{""FXIT"": 0.36842105263157887, ""SBER"": 0.15789473684210525, ""IRAO"": 0.15789473684210525, ""MOEX"": 0.15789473684210525, ""FXUS"": 0.05263157894736842, ""USD000UTSTOM"": 0.10526315789473684}",1,0.012672028727509901,0.14117083541839243,0.12534865644449208,0.14117083541839243,0.15124013504803466,0.09439443675257095,0.08792346166230998,0.009859842920281737,0.0077305351106836916,0.0,0.224376731301939,6,99,openai/gpt-oss-20b,2024-03-27 00:00:00,2026-03-19 00:00:00,2026-03-20 00:00:00,2026-04-17 00:00:00
8,llm,0.03674299145740972,"{""SBER"": 0.3333333333333333, ""IRAO"": 0.22222222222222224, ""MOEX"": 0.16666666666666666, ""FXIT"": 0.16666666666666666, ""FXUS"": 0.11111111111111112}",1,0.041310892691977616,0.214618905288334,0.19193625832462807,0.214618905288334,0.23378619377532572,0.13965242994508828,0.13050709462585958,0.022201335462603233,0.01703210174768307,0.0,0.22839506172839505,5,99,openai/gpt-oss-20b,2024-03-27 00:00:00,2026-03-19 00:00:00,2026-03-20 00:00:00,2026-04-17 00:00:00
8,llm,0.00015656489818578236,"{""SBER"": 0.12, ""IRAO"": 0.12, ""MOEX"": 0.12, ""USD000UTSTOM"": 0.12, ""FXUS"": 0.12, ""FXMM"": 0.12, ""FXIT"": 0.08, ""GAZP"": 0.08, ""LKOH"": 0.08, ""TATN"": 0.04}",1,0.0023005648981857824,0.17319979504575267,0.14801621574499102,0.17319979504575267,0.18677661333319004,0.117620929877819,0.1144153656554488,0.015139217010423677,0.013090875898070052,0.0,0.1072,10,99,openai/gpt-oss-20b,2024-03-27 00:00:00,2026-03-19 00:00:00,2026-03-20 00:00:00,2026-04-17 00:00:00
9,llm,0.048762528903442764,"{""SBER"": 0.4, ""FXIT"": 0.25, ""IRAO"": 0.15, ""MOEX"": 0.1, ""FXUS"": 0.1}",1,0.054062528903442764,0.19289304070791433,0.17539211181709274,0.19289304070791433,0.21491504340426157,0.12699266052266386,0.11796056097321551,0.01868697377305268,0.013914693945115696,0.0,0.265,5,99,openai/gpt-oss-20b,2024-03-27 00:00:00,2026-03-19 00:00:00,2026-03-20 00:00:00,2026-04-17 00:00:00
9,llm,0.016475668608135253,"{""SBER"": 0.2, ""FXIT"": 0.15, ""IRAO"": 0.15, ""MOEX"": 0.15, ""FXUS"": 0.15, ""USD000UTSTOM"": 0.1, ""FXMM"": 0.1}",1,0.019475668608135252,0.14936090086709095,0.13296366893396785,0.14936090086709095,0.16101436367420202,0.09915999870803856,0.09144894596886187,0.010962209380716782,0.008362909718815818,0.0,0.15000000000000002,7,99,openai/gpt-oss-20b,2024-03-27 00:00:00,2026-03-19 00:00:00,2026-03-20 00:00:00,2026-04-17 00:00:00
9,llm,0.00807077499395509,"{""SBER"": 0.15, ""FXIT"": 0.12, ""IRAO"": 0.12, ""MOEX"": 0.12, ""FXUS"": 0.1, ""USD000UTSTOM"": 0.1, ""FXMM"": 0.1, ""EUR_RUB__TOM"": 0.13, ""CHFRUB_TOM"": 0.06}",1,0.010394774993955089,0.11639792067368038,0.10336619492887171,0.11639792067368038,0.1258483177771284,0.07820385578831349,0.07260388982169876,0.006763448698311455,0.005271324817241372,0.0,0.11620000000000001,9,99,openai/gpt-oss-20b,2024-03-27 00:00:00,2026-03-19 00:00:00,2026-03-20 00:00:00,2026-04-17 00:00:00
10,llm,0.01638640484953687,"{""SBER"": 0.2, ""FXIT"": 0.3, ""IRAO"": 0.25, ""MOEX"": 0.15, ""FXUS"": 0.1}",1,0.020886404849536872,0.17683799627712854,0.1539256001190343,0.17683799627712854,0.19075348415252158,0.11538046686349601,0.10809644933880441,0.01492006744840076,0.011684842359656708,0.0,0.225,5,99,openai/gpt-oss-20b,2024-03-27 00:00:00,2026-03-19 00:00:00,2026-03-20 00:00:00,2026-04-17 00:00:00
10,llm,0.017715993881358305,"{""SBER"": 0.2, ""FXIT"": 0.2, ""IRAO"": 0.2, ""MOEX"": 0.2, ""FXUS"": 0.2}",1,0.021715993881358305,0.1788163915299638,0.15877496482968997,0.1788163915299638,0.19157083772751057,0.11710261542653773,0.11056360433954955,0.015425264880163818,0.012224310604552459,0.0,0.20000000000000004,5,99,openai/gpt-oss-20b,2024-03-27 00:00:00,2026-03-19 00:00:00,2026-03-20 00:00:00,2026-04-17 00:00:00
10,llm,0.016083335763187576,"{""SBER"": 0.12000000000000001, ""FXIT"": 0.12000000000000001, ""IRAO"": 0.12000000000000001, ""MOEX"": 0.12000000000000001, ""FXUS"": 0.10000000000000002, ""FXMM"": 0.10000000000000002, ""USD000UTSTOM"": 0.10000000000000002, ""EUR_RUB__TOM"": 0.08000000000000002, ""TATN"": 0.060000000000000005, ""NVTK"": 0.08000000000000002}",1,0.01816333576318758,0.16090668967540142,0.14012364199408667,0.16090668967540142,0.17156010656310405,0.10828052619079104,0.10374480643521543,0.012926266079015515,0.010762984862280316,0.0,0.10400000000000004,10,99,openai/gpt-oss-20b,2024-03-27 00:00:00,2026-03-19 00:00:00,2026-03-20 00:00:00,2026-04-17 00:00:00
11,llm,0.02214499235169784,"{""SBER"": 0.25, ""FXIT"": 0.25, ""IRAO"": 0.25, ""MOEX"": 0.25}",1,0.02714499235169784,0.22352048941245473,0.19846870603711245,0.22352048941245473,0.2394635471593882,0.14637826928317216,0.13820450542443694,0.02410197637525596,0.019100485319613215,0.0,0.25,4,99,openai/gpt-oss-20b,2024-03-27 00:00:00,2026-03-19 00:00:00,2026-03-20 00:00:00,2026-04-17 00:00:00
11,llm,0.00810128526116333,"{""FXIT"": 0.15, ""FXUS"": 0.15, ""IRAO"": 0.15, ""MOEX"": 0.15, ""USD000UTSTOM"": 0.125, ""FXMM"": 0.125, ""SBER"": 0.15}",1,0.010976285261163331,0.13411229364747282,0.11908122362226747,0.13411229364747282,0.1436781282956329,0.0902992290880164,0.0845827862123513,0.009000284259622298,0.007154247723444325,0.0,0.14375,7,99,openai/gpt-oss-20b,2024-03-27 00:00:00,2026-03-19 00:00:00,2026-03-20 00:00:00,2026-04-17 00:00:00
12,llm,0.015826666973938384,"{""SBER"": 0.2, ""FXIT"": 0.35, ""IRAO"": 0.2, ""MOEX"": 0.25}",1,0.021126666973938384,0.1945601714661291,0.17344345481042175,0.1945601714661291,0.2085957806005403,0.1282604437794384,0.1206215434435511,0.018481650187526722,0.014549556742704485,0.0,0.265,4,99,openai/gpt-oss-20b,2024-03-27 00:00:00,2026-03-19 00:00:00,2026-03-20 00:00:00,2026-04-17 00:00:00
12,llm,-0.791179947701912,"{""SBER"": 0.15, ""MOEX"": 0.15, ""GAZP"": 0.1, ""LKOH"": 0.1, ""ASTR"": 0.1, ""ENPG"": 0.2, ""SPBE"": 0.2}",1,0.06875191375245042,0.3928415930727181,0.34633192535285456,0.3928415930727181,0.4508558843068316,0.27944995876041456,0.27861879518022115,0.08561394026926968,0.07762843302767804,0.04284159307271812,0.15500000000000003,7,99,openai/gpt-oss-20b,2024-03-27 00:00:00,2026-03-19 00:00:00,2026-03-20 00:00:00,2026-04-17 00:00:00
13,llm,0.015519365270452792,"{""FXIT"": 0.25, ""FXUS"": 0.15, ""IRAO"": 0.15, ""SBER"": 0.2, ""FXMM"": 0.1, ""USD000UTSTOM"": 0.15}",1,0.01911936527045279,0.10162828505870962,0.09402967579371745,0.10162828505870962,0.11495594571449183,0.07065205313791688,0.06391811155394726,0.005569627268377054,0.004085524984622847,0.0,0.18,6,99,openai/gpt-oss-20b,2024-03-27 00:00:00,2026-03-19 00:00:00,2026-03-20 00:00:00,2026-04-17 00:00:00
13,llm,0.02050749963133294,"{""SBER"": 0.22, ""IRAO"": 0.18, ""FXIT"": 0.15, ""FXUS"": 0.15, ""MOEX"": 0.15, ""FXMM"": 0.1, ""USD000UTSTOM"": 0.05}",1,0.02372349963133294,0.1629305558708299,0.14503480569100496,0.1629305558708299,0.17684846564476303,0.10720164062590386,0.09994077087539995,0.01291509904679635,0.00998815768316919,0.0,0.1608,7,99,openai/gpt-oss-20b,2024-03-27 00:00:00,2026-03-19 00:00:00,2026-03-20 00:00:00,2026-04-17 00:00:00
13,llm,0.005265158869896423,"{""FXUS"": 0.3333333333333333, ""FXIT"": 0.22222222222222224, ""IRAO"": 0.16666666666666666, ""MOEX"": 0.16666666666666666, ""SBER"": 0.11111111111111112}",1,0.009833060104464324,0.1308875543633851,0.11632528370808812,0.1308875543633851,0.14105324270132458,0.0872509884798154,0.08289450325516738,0.008498080720316289,0.006871498669920957,0.0,0.22839506172839505,5,99,openai/gpt-oss-20b,2024-03-27 00:00:00,2026-03-19 00:00:00,2026-03-20 00:00:00,2026-04-17 00:00:00
14,llm,0.046710121669510114,"{""SBER"": 0.4, ""FXIT"": 0.25, ""IRAO"": 0.18, ""MOEX"": 0.17}",1,0.052386121669510115,0.22504180334379714,0.2021577329065228,0.22504180334379714,0.24486323723520115,0.1463786037351274,0.13654133557509607,0.02462053538029339,0.018643536320630996,0.0,0.28380000000000005,4,99,openai/gpt-oss-20b,2024-03-27 00:00:00,2026-03-19 00:00:00,2026-03-20 00:00:00,2026-04-17 00:00:00
14,llm,0.009364096875913094,"{""SBER"": 0.16, ""FXIT"": 0.14, ""IRAO"": 0.14, ""MOEX"": 0.14, ""FXUS"": 0.14, ""FXMM"": 0.14, ""USD000UTSTOM"": 0.14}",1,0.012228096875913095,0.1312224518915342,0.11631943531371755,0.1312224518915342,0.14162646317150582,0.08864873477398481,0.08263819485184287,0.008686106661146812,0.006829071248371151,0.0,0.14320000000000002,7,99,openai/gpt-oss-20b,2024-03-27 00:00:00,2026-03-19 00:00:00,2026-03-20 00:00:00,2026-04-17 00:00:00
15,llm,0.033269130330199764,"{""SBER"": 0.3, ""FXIT"": 0.25, ""IRAO"": 0.2, ""FXUS"": 0.15, ""MOEX"": 0.1}",1,0.03776913033019977,0.1775761314594578,0.15796496521257075,0.1775761314594578,0.19588360584849768,0.1154127576092627,0.1074294778951026,0.015195493931241477,0.011541092720814338,0.0,0.225,5,99,openai/gpt-oss-20b,2024-03-27 00:00:00,2026-03-19 00:00:00,2026-03-20 00:00:00,2026-04-17 00:00:00
15,llm,0.026042562105779033,"{""SBER"": 0.25, ""FXIT"": 0.2, ""IRAO"": 0.2, ""MOEX"": 0.15, ""FXUS"": 0.1, ""FXMM"": 0.1}",1,0.029742562105779035,0.17810707016552413,0.15773680652073163,0.17810707016552413,0.19221832285826318,0.11589131028094231,0.10914593410215737,0.015211969156239152,0.01191283493103248,0.0,0.18500000000000003,6,99,openai/gpt-oss-20b,2024-03-27 00:00:00,2026-03-19 00:00:00,2026-03-20 00:00:00,2026-04-17 00:00:00
15,llm,0.017265029616205563,"{""MOEX"": 0.22999999999999995, ""SBER"": 0.19999999999999996, ""FXUS"": 0.17999999999999997, ""IRAO"": 0.14999999999999997, ""FXIT"": 0.11999999999999997, ""FXMM"": 0.06999999999999999, ""USD000UTSTOM"": 0.04999999999999999}",1,0.020657029616205563,0.1747531223658852,0.15817572229808874,0.1747531223658852,0.187491740756948,0.11586490773730934,0.1084898900064173,0.015060504805251885,0.011770056233604524,0.0,0.16959999999999992,7,99,openai/gpt-oss-20b,2024-03-27 00:00:00,2026-03-19 00:00:00,2026-03-20 00:00:00,2026-04-17 00:00:00
16,llm,0.04986009865752395,"{""SBER"": 0.4, ""FXIT"": 0.4, ""IRAO"": 0.1, ""FXUS"": 0.1}",1,0.05666009865752395,0.15527023516843474,0.13852898202749106,0.15527023516843474,0.17095671720493247,0.09983467661321625,0.09462691027919005,0.011761022899174876,0.008954252148985884,0.0,0.3400000000000001,4,99,openai/gpt-oss-20b,2024-03-27 00:00:00,2026-03-19 00:00:00,2026-03-20 00:00:00,2026-04-17 00:00:00
16,llm,0.006864348355941673,"{""SBER"": 0.2, ""FXIT"": 0.2, ""IRAO"": 0.2, ""MOEX"": 0.2, ""GAZP"": 0.1, ""LKOH"": 0.1}",1,0.010464348355941674,0.2457947061917394,0.2127774304887116,0.2457947061917394,0.25888938759402386,0.1620833016662336,0.15796645918338564,0.029239928037348727,0.02495340222693624,0.0,0.18000000000000005,6,99,openai/gpt-oss-20b,2024-03-27 00:00:00,2026-03-19 00:00:00,2026-03-20 00:00:00,2026-04-17 00:00:00
17,llm,0.03954324700722572,"{""SBER"": 0.33333333333333326, ""FXIT"": 0.27777777777777773, ""IRAO"": 0.16666666666666663, ""FXUS"": 0.2222222222222222}",1,0.04485188898253436,0.14901962206346558,0.13352662752336694,0.14901962206346558,0.16871838959913227,0.0972285010531948,0.0910311391918967,0.010939586790296576,0.008286668302574473,0.0,0.265432098765432,4,99,openai/gpt-oss-20b,2024-03-27 00:00:00,2026-03-19 00:00:00,2026-03-20 00:00:00,2026-04-17 00:00:00
17,llm,0.025642562105779036,"{""SBER"": 0.25, ""FXIT"": 0.2, ""IRAO"": 0.2, ""MOEX"": 0.15, ""FXUS"": 0.2}",1,0.029742562105779035,0.17810707016552413,0.15773680652073163,0.17810707016552413,0.19221832285826318,0.11589131028094231,0.10914593410215737,0.015211969156239152,0.01191283493103248,0.0,0.20500000000000002,5,99,openai/gpt-oss-20b,2024-03-27 00:00:00,2026-03-19 00:00:00,2026-03-20 00:00:00,2026-04-17 00:00:00
17,llm,0.02209221745027927,"{""SBER"": 0.2, ""FXIT"": 0.15, ""IRAO"": 0.15, ""FXUS"": 0.15, ""FXCN"": 0.2, ""FXMM"": 0.15}",1,0.02549221745027927,0.10162828505870962,0.09216311565168216,0.10162828505870962,0.11495594571449183,0.06736339055040517,0.06231452287551822,0.005172290634401502,0.003883099761203483,0.0,0.17,6,99,openai/gpt-oss-20b,2024-03-27 00:00:00,2026-03-19 00:00:00,2026-03-20 00:00:00,2026-04-17 00:00:00
19,llm,0.042322857340523115,"{""SBER"": 0.35, ""FXIT"": 0.45, ""IRAO"": 0.1, ""FXUS"": 0.1}",1,0.04922285734052312,0.13863794868040474,0.12401387486030716,0.13863794868040474,0.1533477593685925,0.08937086115128483,0.08451064700340104,0.009396897971396157,0.0071420494569334565,0.0,0.345,4,99,openai/gpt-oss-20b,2024-03-27 00:00:00,2026-03-19 00:00:00,2026-03-20 00:00:00,2026-04-17 00:00:00
19,llm,0.024853235198359126,"{""SBER"": 0.25000000000000006, ""FXIT"": 0.25000000000000006, ""IRAO"": 0.20000000000000004, ""MOEX"": 0.20000000000000004, ""FXUS"": 0.10000000000000002}",1,0.029153235198359127,0.193996534456134,0.17227699154811957,0.193996534456134,0.20974719629521404,0.12664147497909128,0.11899584576579156,0.018133955706654183,0.014160011309516054,0.0,0.21500000000000008,5,99,openai/gpt-oss-20b,2024-03-27 00:00:00,2026-03-19 00:00:00,2026-03-20 00:00:00,2026-04-17 00:00:00
19,llm,0.02392865095295745,"{""SBER"": 0.22222222222222227, ""FXIT"": 0.16666666666666669, ""IRAO"": 0.16666666666666669, ""FXUS"": 0.11111111111111113, ""MOEX"": 0.11111111111111113, ""FXMM"": 0.11111111111111113, ""FXCN"": 0.11111111111111113}",1,0.027015070706043868,0.14878973947348417,0.1311003618748384,0.14878973947348417,0.1607840711778989,0.09637478432846075,0.0903576217450395,0.01054486699322781,0.008164499807419635,0.0,0.15432098765432103,7,99,openai/gpt-oss-20b,2024-03-27 00:00:00,2026-03-19 00:00:00,2026-03-20 00:00:00,2026-04-17 00:00:00
20,llm,0.040885025462040425,"{""SBER"": 0.35000000000000003, ""FXIT"": 0.30000000000000004, ""IRAO"": 0.20000000000000004, ""FXUS"": 0.15000000000000002}",1,0.04638502546204042,0.16216421129603478,0.14552555614166263,0.16216421129603478,0.1854717880653926,0.10651816098312064,0.09950954391178471,0.013066915193028097,0.009902149329531408,0.0,0.2750000000000001,4,99,openai/gpt-oss-20b,2024-03-27 00:00:00,2026-03-19 00:00:00,2026-03-20 00:00:00,2026-04-17 00:00:00
20,llm,0.03267980342277986,"{""SBER"": 0.3, ""FXIT"": 0.25, ""IRAO"": 0.2, ""MOEX"": 0.15, ""FXUS"": 0.1}",1,0.037179803422779864,0.1931570147595006,0.17274263249216526,0.1931570147595006,0.21040757439779315,0.12568718695057945,0.11745638516327361,0.01798308172470862,0.013796002415623282,0.0,0.225,5,99,openai/gpt-oss-20b,2024-03-27 00:00:00,2026-03-19 00:00:00,2026-03-20 00:00:00,2026-04-17 00:00:00
20,llm,0.01970630580522455,"{""SBER"": 0.13, ""FXIT"": 0.13, ""IRAO"": 0.13, ""FXUS"": 0.11, ""MOEX"": 0.1, ""GAZP"": 0.1, ""LKOH"": 0.1, ""TATN"": 0.1, ""RUAL"": 0.07, ""NVTK"": 0.03}",1,0.02187830580522455,0.25110484337258987,0.20861783634453307,0.25110484337258987,0.26766375154615507,0.16487756940180967,0.1596031380019224,0.03013982285907165,0.02547316166006069,0.0,0.10860000000000002,10,99,openai/gpt-oss-20b,2024-03-27 00:00:00,2026-03-19 00:00:00,2026-03-20 00:00:00,2026-04-17 00:00:00
21,llm,0.033282527276137494,"{""SBER"": 0.35000000000000003, ""FXIT"": 0.30000000000000004, ""IRAO"": 0.15000000000000002, ""GAZP"": 0.10000000000000002, ""FXUS"": 0.10000000000000002}",1,0.038382527276137494,0.19124977351940206,0.17312317454750079,0.19124977351940206,0.20542357801174468,0.12429387448023507,0.1151076054630242,0.017685793351366736,0.013249760835431239,0.0,0.25500000000000006,5,99,openai/gpt-oss-20b,2024-03-27 00:00:00,2026-03-19 00:00:00,2026-03-20 00:00:00,2026-04-17 00:00:00
21,llm,0.03419871936202123,"{""SBER"": 0.3, ""FXIT"": 0.25, ""IRAO"": 0.15, ""MOEX"": 0.15, ""FXUS"": 0.15}",1,0.03859871936202123,0.18078828275733702,0.16222528437224457,0.18078828275733702,0.19498013555198543,0.11706298679320369,0.1094031093752761,0.015690237886446762,0.011969040340978626,0.0,0.22,5,99,openai/gpt-oss-20b,2024-03-27 00:00:00,2026-03-19 00:00:00,2026-03-20 00:00:00,2026-04-17 00:00:00
21,llm,0.026472151137600514,"{""SBER"": 0.25, ""FXIT"": 0.2, ""IRAO"": 0.15, ""MOEX"": 0.2, ""FXUS"": 0.2}",1,0.030572151137600513,0.18165940650353576,0.16319223064907062,0.18165940650353576,0.19540361034985218,0.11807238856363848,0.11109319316263805,0.015835162390014063,0.01234169756707121,0.0,0.20500000000000002,5,99,openai/gpt-oss-20b,2024-03-27 00:00:00,2026-03-19 00:00:00,2026-03-20 00:00:00,2026-04-17 00:00:00
22,llm,0.04732226677904123,"{""SBER"": 0.4, ""FXIT"": 0.35, ""IRAO"": 0.2, ""FXUS"": 0.05}",1,0.05382226677904123,0.17882354647615872,0.16023195302804036,0.17882354647615872,0.20246206751895876,0.1166742012638338,0.10923736703027608,0.015753004978027077,0.011932802355707248,0.0,0.325,4,99,openai/gpt-oss-20b,2024-03-27 00:00:00,2026-03-19 00:00:00,2026-03-20 00:00:00,2026-04-17 00:00:00
22,llm,0.041525287586441945,"{""SBER"": 0.35000000000000003, ""FXIT"": 0.30000000000000004, ""IRAO"": 0.15000000000000002, ""MOEX"": 0.10000000000000002, ""FXUS"": 0.10000000000000002}",1,0.046625287586441945,0.1778482678374558,0.16104907583877387,0.1778482678374558,0.19744390403989995,0.11678293761127805,0.1085090542065866,0.015742133881806453,0.01177421484480795,0.0,0.25500000000000006,5,99,openai/gpt-oss-20b,2024-03-27 00:00:00,2026-03-19 00:00:00,2026-03-20 00:00:00,2026-04-17 00:00:00
22,llm,0.00797448263400166,"{""FXUS"": 0.5, ""FXCN"": 0.25, ""FXMM"": 0.15, ""SBER"": 0.1}",1,0.01487448263400166,0.03348420957338798,0.029733232578328758,0.03348420957338798,0.03632108670295738,0.021275820483863114,0.020075157636467094,0.0005445760188155883,0.0004030119541290031,0.0,0.345,4,99,openai/gpt-oss-20b,2024-03-27 00:00:00,2026-03-19 00:00:00,2026-03-20 00:00:00,2026-04-17 00:00:00
23,llm,0.05269793053600664,"{""SBER"": 0.4, ""FXIT"": 0.3, ""FXUS"": 0.3}",1,0.05949793053600664,0.1339368382935519,0.11893293031331503,0.1339368382935519,0.14528434681182953,0.08510328193545245,0.08030063054586838,0.008713216301049412,0.00644819126606405,0.0,0.34,3,99,openai/gpt-oss-20b,2024-03-27 00:00:00,2026-03-19 00:00:00,2026-03-20 00:00:00,2026-04-17 00:00:00
23,llm,0.02637215113760051,"{""SBER"": 0.25, ""FXIT"": 0.25, ""IRAO"": 0.15, ""FXUS"": 0.15, ""MOEX"": 0.2}",1,0.030572151137600513,0.18165940650353576,0.16319223064907062,0.18165940650353576,0.19540361034985218,0.11807238856363848,0.11109319316263805,0.015835162390014063,0.01234169756707121,0.0,0.21000000000000002,5,99,openai/gpt-oss-20b,2024-03-27 00:00:00,2026-03-19 00:00:00,2026-03-20 00:00:00,2026-04-17 00:00:00
23,llm,0.023445979613880025,"{""SBER"": 0.3, ""FXIT"": 0.2, ""FXUS"": 0.2, ""GAZP"": 0.15, ""LKOH"": 0.15}",1,0.027745979613880027,0.20397726804518537,0.16989165551300842,0.20397726804518537,0.22535242201409492,0.13516859510956133,0.12721139381704702,0.02052044228960955,0.016182738716875828,0.0,0.21500000000000002,5,99,openai/gpt-oss-20b,2024-03-27 00:00:00,2026-03-19 00:00:00,2026-03-20 00:00:00,2026-04-17 00:00:00
24,llm,0.042403941401281765,"{""SBER"": 0.35, ""FXIT"": 0.25, ""FXUS"": 0.25, ""IRAO"": 0.15}",1,0.04780394140128177,0.1500879639354752,0.1352804706262767,0.1500879639354752,0.16900955428098982,0.09774610867052978,0.0915051088345819,0.011113884647121283,0.008373184942828679,0.0,0.26999999999999996,4,99,openai/gpt-oss-20b,2024-03-27 00:00:00,2026-03-19 00:00:00,2026-03-20 00:00:00,2026-04-17 00:00:00
24,llm,-0.036266102720951814,"{""SBER"": 0.1, ""FXIT"": 0.1, ""FXUS"": 0.1, ""IRAO"": 0.1, ""MOEX"": 0.1, ""GAZP"": 0.1, ""LKOH"": 0.1, ""YDEX"": 0.1, ""TATN"": 0.1, ""ASTR"": 0.1}",1,-0.03426610272095181,0.24661540828401582,0.2178083967487263,0.24661540828401582,0.2843340498666332,0.16711035925029227,0.16528487108104878,0.03125386233824481,0.027319088608278915,0.0,0.10000000000000002,10,99,openai/gpt-oss-20b,2024-03-27 00:00:00,2026-03-19 00:00:00,2026-03-20 00:00:00,2026-04-17 00:00:00
25,llm,0.018465973642830907,"{""SBER"": 0.35, ""IRAO"": 0.25, ""MOEX"": 0.2, ""GAZP"": 0.2}",1,0.023765973642830906,0.3192048942991873,0.28389765372245634,0.3192048942991873,0.33207374024994324,0.20929229344627848,0.19488048949948392,0.049167346657691464,0.03797840518755846,0.0,0.265,4,99,openai/gpt-oss-20b,2024-03-27 00:00:00,2026-03-19 00:00:00,2026-03-20 00:00:00,2026-04-17 00:00:00
25,llm,0.01709018366250738,"{""SBER"": 0.25, ""IRAO"": 0.2, ""MOEX"": 0.2, ""GAZP"": 0.15, ""LKOH"": 0.1, ""NVTK"": 0.1}",1,0.020790183662507383,0.3275482721401821,0.27591508045017815,0.3275482721401821,0.33936033311450237,0.21543610677003,0.2098727986851835,0.05161605785729862,0.044046591627951555,0.0,0.18500000000000003,6,99,openai/gpt-oss-20b,2024-03-27 00:00:00,2026-03-19 00:00:00,2026-03-20 00:00:00,2026-04-17 00:00:00
25,llm,-0.12326556897298048,"{""SBER"": 0.15789473684210525, ""IRAO"": 0.15789473684210525, ""MOEX"": 0.15789473684210525, ""GAZP"": 0.10526315789473684, ""LKOH"": 0.10526315789473684, ""NVTK"": 0.10526315789473684, ""SPBE"": 0.10526315789473684, ""ENPG"": 0.10526315789473684}",1,0.0697634562911044,0.35952125735738705,0.3099986752239479,0.35952125735738705,0.384510339321024,0.24759843345086663,0.248475754018238,0.06723032651802925,0.06174020033493192,0.00952125735738707,0.1301939058171745,8,99,openai/gpt-oss-20b,2024-03-27 00:00:00,2026-03-19 00:00:00,2026-03-20 00:00:00,2026-04-17 00:00:00
26,llm,0.04414177327976445,"{""SBER"": 0.35, ""FXIT"": 0.4, ""FXUS"": 0.2, ""IRAO"": 0.05}",1,0.05064177327976445,0.12773293606368857,0.11326376811939984,0.12773293606368857,0.13875770859507963,0.08154168121615438,0.07691136829846035,0.007915955165852712,0.005915358573541412,0.0,0.325,4,99,openai/gpt-oss-20b,2024-03-27 00:00:00,2026-03-19 00:00:00,2026-03-20 00:00:00,2026-04-17 00:00:00
26,llm,0.025091626888797437,"{""SBER"": 0.25, ""FXIT"": 0.25, ""FXUS"": 0.25, ""IRAO"": 0.25}",1,0.030091626888797438,0.14480338977935903,0.12926558590149817,0.14480338977935903,0.1616891861154531,0.0959451649305991,0.08827506011783152,0.01037870921012175,0.007792486238806771,0.0,0.25,4,99,openai/gpt-oss-20b,2024-03-27 00:00:00,2026-03-19 00:00:00,2026-03-20 00:00:00,2026-04-17 00:00:00
27,llm,0.026950804952440288,"{""FXIT"": 0.35, ""SBER"": 0.25, ""FXUS"": 0.15, ""IRAO"": 0.15, ""MOEX"": 0.1}",1,0.03175080495244029,0.14903719156679796,0.1334086212717211,0.14903719156679796,0.16281100454790234,0.09662634432729837,0.08997918285231311,0.01066931812753737,0.00809625334677,0.0,0.24,5,99,openai/gpt-oss-20b,2024-03-27 00:00:00,2026-03-19 00:00:00,2026-03-20 00:00:00,2026-04-17 00:00:00
27,llm,0.03384778414503957,"{""SBER"": 0.3, ""FXIT"": 0.25, ""FXUS"": 0.25, ""IRAO"": 0.2}",1,0.03894778414503957,0.1463383792269012,0.1322054934757868,0.1463383792269012,0.16776296517746095,0.09645757248138052,0.09005341761146071,0.01065311341743691,0.008109618023504142,0.0,0.255,4,99,openai/gpt-oss-20b,2024-03-27 00:00:00,2026-03-19 00:00:00,2026-03-20 00:00:00,2026-04-17 00:00:00
27,llm,0.015276852949776785,"{""SBER"": 0.2, ""FXIT"": 0.15, ""FXUS"": 0.15, ""IRAO"": 0.1, ""MOEX"": 0.1, ""GAZP"": 0.1, ""LKOH"": 0.1, ""ROSN"": 0.1}",1,0.017976852949776786,0.2211495819141143,0.18618976375560795,0.2211495819141143,0.2394858677149988,0.1473112289409165,0.14256567640551732,0.02417450964510555,0.020324972088962678,0.0,0.135,8,99,openai/gpt-oss-20b,2024-03-27 00:00:00,2026-03-19 00:00:00,2026-03-20 00:00:00,2026-04-17 00:00:00
28,llm,0.05066009865752394,"{""SBER"": 0.4000000000000001, ""FXIT"": 0.30000000000000004, ""FXUS"": 0.20000000000000004, ""IRAO"": 0.10000000000000002}",1,0.056660098657523944,0.15527023516843474,0.1385289820274911,0.15527023516843474,0.1709567172049325,0.09983467661321625,0.09462691027919005,0.01176102289917488,0.008954252148985885,0.0,0.3000000000000001,4,99,openai/gpt-oss-20b,2024-03-27 00:00:00,2026-03-19 00:00:00,2026-03-20 00:00:00,2026-04-17 00:00:00
28,llm,0.008280868035424152,"{""SBER"": 0.18181818181818177, ""FXIT"": 0.18181818181818177, ""FXUS"": 0.18181818181818177, ""IRAO"": 0.13636363636363633, ""MOEX"": 0.13636363636363633, ""GAZP"": 0.09090909090909088, ""LKOH"": 0.09090909090909088}",1,0.011338719275093572,0.1969963193109659,0.16852913794540197,0.1969963193109659,0.21043069603492376,0.1300865576220367,0.12653619851056522,0.018874988519420596,0.016011409533505164,0.0,0.15289256198347098,7,99,openai/gpt-oss-20b,2024-03-27 00:00:00,2026-03-19 00:00:00,2026-03-20 00:00:00,2026-04-17 00:00:00
29,llm,0.020911133389520626,"{""FXIT"": 0.4000000000000001, ""FXUS"": 0.30000000000000004, ""SBER"": 0.20000000000000004, ""IRAO"": 0.10000000000000002}",1,0.026911133389520628,0.08941177323807938,0.08011597651402019,0.08941177323807938,0.1012310337594794,0.05833710063191691,0.05461868351513805,0.00393825124450677,0.002983200588926813,0.0,0.3000000000000001,4,99,openai/gpt-oss-20b,2024-03-27 00:00:00,2026-03-19 00:00:00,2026-03-20 00:00:00,2026-04-17 00:00:00
29,llm,0.019813563635439464,"{""FXIT"": 0.3, ""FXUS"": 0.25, ""SBER"": 0.2, ""IRAO"": 0.15, ""MOEX"": 0.1}",1,0.024313563635439465,0.13391076552613573,0.11799032568735454,0.13391076552613573,0.14470566406010898,0.08673730589561467,0.08132185957053555,0.008541342264514522,0.006613244844009903,0.0,0.225,5,99,openai/gpt-oss-20b,2024-03-27 00:00:00,2026-03-19 00:00:00,2026-03-20 00:00:00,2026-04-17 00:00:00
29,llm,0.011451093626935279,"{""FXIT"": 0.15, ""FXUS"": 0.15, ""SBER"": 0.15, ""IRAO"": 0.15, ""MOEX"": 0.1, ""GAZP"": 0.1, ""LKOH"": 0.1, ""TATN"": 0.1}",1,0.014051093626935279,0.21691075133201682,0.18596209912185985,0.21691075133201682,0.23797848001402533,0.1456928076265187,0.1423947769757122,0.023562750587405652,0.02027627250996282,0.0,0.13,8,99,openai/gpt-oss-20b,2024-03-27 00:00:00,2026-03-19 00:00:00,2026-03-20 00:00:00,2026-04-17 00:00:00
30,llm,0.05080817320630274,"{""SBER"": 0.3888888888888889, ""FXIT"": 0.3888888888888889, ""FXUS"": 0.22222222222222227}",1,0.05784521024333977,0.13021637056317545,0.11562923780461183,0.13021637056317545,0.14124867051150092,0.08273930188168989,0.07807005747514982,0.008235871889495006,0.006094933874173196,0.0,0.35185185185185186,3,99,openai/gpt-oss-20b,2024-03-27 00:00:00,2026-03-19 00:00:00,2026-03-20 00:00:00,2026-04-17 00:00:00
30,llm,-0.014522172444006528,"{""SBER"": 0.125, ""FXIT"": 0.125, ""FXUS"": 0.125, ""IRAO"": 0.125, ""MOEX"": 0.125, ""GAZP"": 0.125, ""LKOH"": 0.125, ""SNGS"": 0.125}",1,-0.012022172444006527,0.23583716782452374,0.2079984849403165,0.23583716782452374,0.2489294856640335,0.1610487257457847,0.15753185806264292,0.02835334529390234,0.024816286304668676,0.0,0.125,8,99,openai/gpt-oss-20b,2024-03-27 00:00:00,2026-03-19 00:00:00,2026-03-20 00:00:00,2026-04-17 00:00:00
31,llm,0.04516068921900581,"{""FXIT"": 0.4, ""SBER"": 0.35, ""FXUS"": 0.25}",1,0.052060689219005814,0.1171947335068579,0.10406631402415063,0.1171947335068579,0.12712380346035082,0.07446537169352088,0.07026305172763483,0.006671056230490954,0.004936896438080288,0.0,0.34500000000000003,3,99,openai/gpt-oss-20b,2024-03-27 00:00:00,2026-03-19 00:00:00,2026-03-20 00:00:00,2026-04-17 00:00:00
31,llm,0.026961478045020387,"{""SBER"": 0.25, ""FXIT"": 0.25, ""FXUS"": 0.2, ""IRAO"": 0.15, ""MOEX"": 0.15}",1,0.03116147804502039,0.1650467567853651,0.14813439813808452,0.1650467567853651,0.17794890073538033,0.10715449357786502,0.10010860905408026,0.013080107746587431,0.010021733606742678,0.0,0.21000000000000002,5,99,openai/gpt-oss-20b,2024-03-27 00:00:00,2026-03-19 00:00:00,2026-03-20 00:00:00,2026-04-17 00:00:00
31,llm,0.030071224852777183,"{""SBER"": 0.20454545454545453, ""FXIT"": 0.20454545454545453, ""FXUS"": 0.20454545454545453, ""IRAO"": 0.13636363636363635, ""MOEX"": 0.13636363636363635, ""NVTK"": 0.11363636363636365}",1,0.03358362154699206,0.19396224860151307,0.16905333780480603,0.19396224860151307,0.20056231742064856,0.12665412714267338,0.12151682992815953,0.018020592293559703,0.014766339955789248,0.0,0.17561983471074377,6,99,openai/gpt-oss-20b,2024-03-27 00:00:00,2026-03-19 00:00:00,2026-03-20 00:00:00,2026-04-17 00:00:00
32,llm,0.043522857340523115,"{""SBER"": 0.35000000000000003, ""FXIT"": 0.30000000000000004, ""FXUS"": 0.25000000000000006, ""IRAO"": 0.10000000000000002}",1,0.04922285734052312,0.13863794868040477,0.12401387486030718,0.13863794868040477,0.1533477593685925,0.08937086115128486,0.08451064700340105,0.009396897971396161,0.007142049456933458,0.0,0.2850000000000001,4,99,openai/gpt-oss-20b,2024-03-27 00:00:00,2026-03-19 00:00:00,2026-03-20 00:00:00,2026-04-17 00:00:00
32,llm,0.03506670008428093,"{""SBER"": 0.3, ""FXIT"": 0.3, ""FXUS"": 0.25, ""IRAO"": 0.15}",1,0.04036670008428093,0.13411765985711904,0.12017396477103026,0.13411765985711904,0.15184655063921906,0.08750565094787534,0.08192802527270705,0.008861065300140226,0.006712201325085325,0.0,0.265,4,99,openai/gpt-oss-20b,2024-03-27 00:00:00,2026-03-19 00:00:00,2026-03-20 00:00:00,2026-04-17 00:00:00
33,llm,0.04444177327976445,"{""SBER"": 0.35, ""FXIT"": 0.35, ""FXUS"": 0.25, ""IRAO"": 0.05}",1,0.05064177327976445,0.12773293606368857,0.11326376811939984,0.12773293606368857,0.13875770859507963,0.08154168121615438,0.07691136829846035,0.007915955165852712,0.005915358573541412,0.0,0.30999999999999994,4,99,openai/gpt-oss-20b,2024-03-27 00:00:00,2026-03-19 00:00:00,2026-03-20 00:00:00,2026-04-17 00:00:00
33,llm,0.030432653537297932,"{""SBER"": 0.11111111111111112, ""GAZP"": 0.11111111111111112, ""LKOH"": 0.11111111111111112, ""NVTK"": 0.11111111111111112, ""TATN"": 0.11111111111111112, ""RUAL"": 0.11111111111111112, ""MOEX"": 0.11111111111111112, ""FXUS"": 0.22222222222222224}",1,0.033148702920013984,0.2833906333352723,0.2319526923398873,0.2833906333352723,0.3064359863658458,0.18734872246470474,0.18563780879897124,0.038825999481736574,0.03446139605568341,0.0,0.1358024691358025,8,99,openai/gpt-oss-20b,2024-03-27 00:00:00,2026-03-19 00:00:00,2026-03-20 00:00:00,2026-04-17 00:00:00
34,llm,0.02818039398426174,"{""FXIT"": 0.25, ""FXUS"": 0.25, ""SBER"": 0.25, ""IRAO"": 0.1, ""MOEX"": 0.15}",1,0.03258039398426174,0.15273198237337138,0.13714064841114681,0.15273198237337138,0.1631756179893158,0.09877682758619298,0.0922923061317195,0.011184290207117392,0.008517869771111028,0.0,0.22,5,99,openai/gpt-oss-20b,2024-03-27 00:00:00,2026-03-19 00:00:00,2026-03-20 00:00:00,2026-04-17 00:00:00
34,llm,-0.06945492311859913,"{""SBER"": 0.16666666666666669, ""IRAO"": 0.16666666666666669, ""MOEX"": 0.16666666666666669, ""GAZP"": 0.16666666666666669, ""LKOH"": 0.11111111111111113, ""NLMK"": 0.11111111111111113, ""CHMF"": 0.11111111111111113}",1,-0.06649196015563617,0.33670425052113057,0.2931902573671134,0.33670425052113057,0.358332951830566,0.22584519467422742,0.2184380628396536,0.05676478647889685,0.04771518729714046,0.0,0.1481481481481482,7,99,openai/gpt-oss-20b,2024-03-27 00:00:00,2026-03-19 00:00:00,2026-03-20 00:00:00,2026-04-17 00:00:00
35,llm,0.049727034009206306,"{""SBER"": 0.38, ""FXIT"": 0.35, ""FXUS"": 0.27}",1,0.05652303400920631,0.1272399963788743,0.11298628379764927,0.1272399963788743,0.13802012947123804,0.08084811783867982,0.07628559901857496,0.007863677711697093,0.005819492617622805,0.0,0.3398,3,99,openai/gpt-oss-20b,2024-03-27 00:00:00,2026-03-19 00:00:00,2026-03-20 00:00:00,2026-04-17 00:00:00
35,llm,0.0409263444288053,"{""SBER"": 0.32, ""FXIT"": 0.34, ""FXUS"": 0.34}",1,0.047598344428805305,0.10714947063484151,0.09514634425065202,0.10714947063484151,0.11622747744946361,0.06808262554836196,0.0642405044366947,0.005576458432671623,0.004126842410280992,0.0,0.33360000000000006,3,99,openai/gpt-oss-20b,2024-03-27 00:00:00,2026-03-19 00:00:00,2026-03-20 00:00:00,2026-04-17 00:00:00
36,llm,0.052597930536006636,"{""SBER"": 0.4, ""FXIT"": 0.35, ""FXUS"": 0.25}",1,0.05949793053600664,0.1339368382935519,0.11893293031331503,0.1339368382935519,0.14528434681182953,0.08510328193545245,0.08030063054586838,0.008713216301049412,0.00644819126606405,0.0,0.34500000000000003,3,99,openai/gpt-oss-20b,2024-03-27 00:00:00,2026-03-19 00:00:00,2026-03-20 00:00:00,2026-04-17 00:00:00
36,llm,0.042303941401281756,"{""SBER"": 0.35000000000000003, ""FXIT"": 0.30000000000000004, ""FXUS"": 0.20000000000000004, ""IRAO"": 0.15000000000000002}",1,0.04780394140128176,0.15008796393547522,0.1352804706262767,0.15008796393547522,0.16900955428098985,0.0977461086705298,0.09150510883458193,0.011113884647121286,0.008373184942828684,0.0,0.2750000000000001,4,99,openai/gpt-oss-20b,2024-03-27 00:00:00,2026-03-19 00:00:00,2026-03-20 00:00:00,2026-04-17 00:00:00
36,llm,-0.06571692629787003,"{""SBER"": 0.15789473684210525, ""FXIT"": 0.15789473684210525, ""FXUS"": 0.15789473684210525, ""IRAO"": 0.10526315789473685, ""CHMF"": 0.10526315789473685, ""NLMK"": 0.10526315789473685, ""GAZP"": 0.2105263157894737}",1,-0.06266983488512765,0.252846556336292,0.22009597620217564,0.252846556336292,0.2763910410557661,0.170749962886906,0.1633230849322763,0.03250544080868498,0.026674430071795534,0.0,0.15235457063711913,7,99,openai/gpt-oss-20b,2024-03-27 00:00:00,2026-03-19 00:00:00,2026-03-20 00:00:00,2026-04-17 00:00:00
37,llm,0.03374778414503957,"{""SBER"": 0.3, ""FXIT"": 0.3, ""FXUS"": 0.2, ""IRAO"": 0.2}",1,0.03894778414503957,0.1463383792269012,0.1322054934757868,0.1463383792269012,0.16776296517746095,0.09645757248138052,0.09005341761146071,0.01065311341743691,0.008109618023504142,0.0,0.26,4,99,openai/gpt-oss-20b,2024-03-27 00:00:00,2026-03-19 00:00:00,2026-03-20 00:00:00,2026-04-17 00:00:00
37,llm,0.001997157031356982,"{""SBER"": 0.17708333333333334, ""FXIT"": 0.17708333333333334, ""FXUS"": 0.17708333333333334, ""IRAO"": 0.15624999999999997, ""MOEX"": 0.15624999999999997, ""GAZP"": 0.15624999999999997}",1,0.005343511198023648,0.21081520340200396,0.18575385482020107,0.21081520340200396,0.21620987746941317,0.13855116451303967,0.12975360507163705,0.02139737492708539,0.01683599802908636,0.0,0.16731770833333331,6,99,openai/gpt-oss-20b,2024-03-27 00:00:00,2026-03-19 00:00:00,2026-03-20 00:00:00,2026-04-17 00:00:00
38,llm,0.03702344790200497,"{""FXIT"": 0.5, ""SBER"": 0.3, ""FXUS"": 0.2}",1,0.044623447902004974,0.10045262872016392,0.08919969773498627,0.10045262872016392,0.10896326010887214,0.06382746145158934,0.060225472909401286,0.004901184169340292,0.003627107587161028,0.0,0.38,3,99,openai/gpt-oss-20b,2024-03-27 00:00:00,2026-03-19 00:00:00,2026-03-20 00:00:00,2026-04-17 00:00:00
38,llm,0.03618561602352229,"{""SBER"": 0.30000000000000004, ""FXIT"": 0.30000000000000004, ""FXUS"": 0.30000000000000004, ""IRAO"": 0.10000000000000002}",1,0.04178561602352229,0.12194746213985397,0.10947316452382122,0.12194746213985397,0.1358267322354874,0.07895176967732395,0.07456371785505245,0.007305061053025236,0.005559748020367867,0.0,0.2800000000000001,4,99,openai/gpt-oss-20b,2024-03-27 00:00:00,2026-03-19 00:00:00,2026-03-20 00:00:00,2026-04-17 00:00:00
38,llm,0.05028144484268413,"{""SBER"": 0.4, ""FXIT"": 0.2, ""FXUS"": 0.2, ""IRAO"": 0.1, ""MOEX"": 0.1}",1,0.055481444842684136,0.1820468886352597,0.1655761605361637,0.1820468886352597,0.20022242539661753,0.11882656985650393,0.1100476875597825,0.01647514085474064,0.012110493537255509,0.0,0.26000000000000006,5,99,openai/gpt-oss-20b,2024-03-27 00:00:00,2026-03-19 00:00:00,2026-03-20 00:00:00,2026-04-17 00:00:00
39,llm,0.052297930536006634,"{""SBER"": 0.4, ""FXIT"": 0.4, ""FXUS"": 0.2}",1,0.05949793053600664,0.1339368382935519,0.11893293031331503,0.1339368382935519,0.14528434681182953,0.08510328193545245,0.08030063054586838,0.008713216301049412,0.00644819126606405,0.0,0.3600000000000001,3,99,openai/gpt-oss-20b,2024-03-27 00:00:00,2026-03-19 00:00:00,2026-03-20 00:00:00,2026-04-17 00:00:00
39,llm,0.03468804626944111,"{""SBER"": 0.3, ""FXIT"": 0.25, ""FXUS"": 0.2, ""IRAO"": 0.15, ""MOEX"": 0.1}",1,0.03918804626944111,0.16333118899878513,0.14735416876627336,0.16333118899878513,0.18006594444690968,0.10665290145779002,0.0994220281597453,0.013069581999968013,0.009884739683397188,0.0,0.225,5,99,openai/gpt-oss-20b,2024-03-27 00:00:00,2026-03-19 00:00:00,2026-03-20 00:00:00,2026-04-17 00:00:00
39,llm,0.011719206663993486,"{""SBER"": 0.15, ""FXIT"": 0.15, ""FXUS"": 0.15, ""IRAO"": 0.1, ""MOEX"": 0.1, ""GAZP"": 0.1, ""LKOH"": 0.1, ""ENPG"": 0.15}",1,0.014319206663993486,0.23390123970235563,0.19571764024113777,0.23390123970235563,0.2522787796748626,0.16063782608108135,0.16009963848872183,0.028134568754056965,0.02563189424421942,0.0,0.13,8,99,openai/gpt-oss-20b,2024-03-27 00:00:00,2026-03-19 00:00:00,2026-03-20 00:00:00,2026-04-17 00:00:00
40,llm,0.045360689219005816,"{""SBER"": 0.35, ""FXIT"": 0.35, ""FXUS"": 0.3}",1,0.052060689219005814,0.1171947335068579,0.10406631402415063,0.1171947335068579,0.12712380346035082,0.07446537169352088,0.07026305172763483,0.006671056230490954,0.004936896438080288,0.0,0.33499999999999996,3,99,openai/gpt-oss-20b,2024-03-27 00:00:00,2026-03-19 00:00:00,2026-03-20 00:00:00,2026-04-17 00:00:00
40,llm,0.0052366507555189614,"{""FXIT"": 0.4, ""FXUS"": 0.4, ""SBER"": 0.1, ""IRAO"": 0.1}",1,0.012036650755518963,0.05792135591174361,0.05170623436059926,0.05792135591174361,0.06467567444618125,0.038378065972239646,0.03531002404713261,0.0016605934736194801,0.0012467977982090835,0.0,0.3400000000000001,4,99,openai/gpt-oss-20b,2024-03-27 00:00:00,2026-03-19 00:00:00,2026-03-20 00:00:00,2026-04-17 00:00:00
41,llm,0.016700143253722256,"{""FXIT"": 0.14, ""FXUS"": 0.12, ""SBER"": 0.1, ""IRAO"": 0.1, ""MOEX"": 0.1, ""GAZP"": 0.08, ""LKOH"": 0.07, ""TATN"": 0.07, ""RUAL"": 0.07, ""MTSS"": 0.15}",1,0.018852143253722257,0.23012405062282845,0.20395783851421118,0.23012405062282845,0.24964308631747287,0.15619957328464532,0.1511806773327953,0.027389622340525777,0.022855597198802768,0.0,0.10760000000000002,10,99,openai/gpt-oss-20b,2024-03-27 00:00:00,2026-03-19 00:00:00,2026-03-20 00:00:00,2026-04-17 00:00:00
42,llm,0.02214896526800332,"{""SBER"": 0.2, ""FXIT"": 0.5, ""FXUS"": 0.3}",1,0.02974896526800332,0.06696841914677595,0.059466465156657516,0.06696841914677595,0.07264217340591476,0.04255164096772623,0.04015031527293419,0.002178304075262353,0.0016120478165160125,0.0,0.38,3,99,openai/gpt-oss-20b,2024-03-27 00:00:00,2026-03-19 00:00:00,2026-03-20 00:00:00,2026-04-17 00:00:00
42,llm,0.027250804952440286,"{""SBER"": 0.25, ""FXIT"": 0.3, ""FXUS"": 0.2, ""IRAO"": 0.15, ""MOEX"": 0.1}",1,0.03175080495244029,0.14903719156679796,0.1334086212717211,0.14903719156679796,0.16281100454790234,0.09662634432729837,0.08997918285231311,0.01066931812753737,0.00809625334677,0.0,0.225,5,99,openai/gpt-oss-20b,2024-03-27 00:00:00,2026-03-19 00:00:00,2026-03-20 00:00:00,2026-04-17 00:00:00
42,llm,0.019126195279213058,"{""SBER"": 0.2340425531914893, ""FXIT"": 0.19148936170212763, ""FXUS"": 0.19148936170212763, ""IRAO"": 0.12765957446808507, ""MOEX"": 0.12765957446808507, ""GAZP"": 0.06382978723404253, ""LKOH"": 0.06382978723404253}",1,0.022503288986773038,0.18818385919200317,0.16594845793131668,0.18818385919200317,0.20573237204847694,0.12402371519553906,0.11886632941212641,0.017352198739746742,0.014129204267912148,0.0,0.16885468537799903,7,99,openai/gpt-oss-20b,2024-03-27 00:00:00,2026-03-19 00:00:00,2026-03-20 00:00:00,2026-04-17 00:00:00
43,llm,0.04064847345603912,"{""SBER"": 0.4, ""IRAO"": 0.3, ""MOEX"": 0.3}",1,0.04744847345603912,0.2987218017341819,0.2659273378679357,0.2987218017341819,0.32202872734840404,0.19478646088788756,0.1827813351705932,0.04296906246454357,0.03340901648674473,0.0,0.34,3,99,openai/gpt-oss-20b,2024-03-27 00:00:00,2026-03-19 00:00:00,2026-03-20 00:00:00,2026-04-17 00:00:00
43,llm,-0.004787297169474924,"{""SBER"": 0.2, ""IRAO"": 0.2, ""MOEX"": 0.2, ""GAZP"": 0.2, ""LKOH"": 0.2}",1,-0.0007872971694749228,0.3158761308433103,0.26682441169379123,0.3158761308433103,0.33081134973017345,0.21099417473190205,0.2076793500372782,0.0491090661367596,0.04313071243190632,0.0,0.20000000000000004,5,99,openai/gpt-oss-20b,2024-03-27 00:00:00,2026-03-19 00:00:00,2026-03-20 00:00:00,2026-04-17 00:00:00
43,llm,0.008676087445665906,"{""SBER"": 0.16666666666666666, ""IRAO"": 0.16666666666666666, ""MOEX"": 0.16666666666666666, ""GAZP"": 0.16666666666666666, ""LKOH"": 0.16666666666666666, ""NVTK"": 0.16666666666666666}",1,0.012009420778999238,0.3379337233248476,0.2903559420754514,0.3379337233248476,0.35364025132598037,0.2263011380008622,0.22217389401566015,0.0564249535528634,0.04936123918208179,0.0,0.16666666666666666,6,99,openai/gpt-oss-20b,2024-03-27 00:00:00,2026-03-19 00:00:00,2026-03-20 00:00:00,2026-04-17 00:00:00
44,llm,0.05983517185300747,"{""SBER"": 0.45, ""FXIT"": 0.3, ""FXUS"": 0.25}",1,0.06693517185300747,0.15067894308024588,0.1337995466024794,0.15067894308024588,0.1634448901633082,0.095741192177384,0.09033820936410193,0.01102766438101566,0.008160992071112315,0.0,0.355,3,99,openai/gpt-oss-20b,2024-03-27 00:00:00,2026-03-19 00:00:00,2026-03-20 00:00:00,2026-04-17 00:00:00
44,llm,0.04314420352568328,"{""SBER"": 0.35, ""FXIT"": 0.25, ""FXUS"": 0.2, ""IRAO"": 0.1, ""MOEX"": 0.1}",1,0.04804420352568328,0.16507481887390357,0.15065406759097366,0.16507481887390357,0.18255097743551219,0.10850717403770231,0.1006366507679866,0.01369128339210454,0.010127735477797698,0.0,0.245,5,99,openai/gpt-oss-20b,2024-03-27 00:00:00,2026-03-19 00:00:00,2026-03-20 00:00:00,2026-04-17 00:00:00
44,llm,0.01577601121264948,"{""SBER"": 0.2105263157894737, ""FXIT"": 0.15789473684210525, ""FXUS"": 0.15789473684210525, ""IRAO"": 0.15789473684210525, ""MOEX"": 0.10526315789473685, ""GAZP"": 0.10526315789473685, ""LKOH"": 0.052631578947368425, ""NVTK"": 0.052631578947368425}",1,0.01871229930129214,0.22148377395711813,0.18894229154442096,0.22148377395711813,0.23053619159785083,0.14499712818544758,0.13900289148250697,0.023477299008562616,0.019321803840497608,0.0,0.14681440443213298,8,99,openai/gpt-oss-20b,2024-03-27 00:00:00,2026-03-19 00:00:00,2026-03-20 00:00:00,2026-04-17 00:00:00
45,llm,0.022548965268003318,"{""SBER"": 0.2, ""FXIT"": 0.4, ""FXUS"": 0.4}",1,0.02974896526800332,0.06696841914677595,0.059466465156657516,0.06696841914677595,0.07264217340591476,0.04255164096772623,0.04015031527293419,0.002178304075262353,0.0016120478165160125,0.0,0.3600000000000001,3,99,openai/gpt-oss-20b,2024-03-27 00:00:00,2026-03-19 00:00:00,2026-03-20 00:00:00,2026-04-17 00:00:00
45,llm,0.028448374706521437,"{""SBER"": 0.25, ""FXIT"": 0.25, ""FXUS"": 0.4, ""IRAO"": 0.1}",1,0.03434837470652144,0.10537338673679526,0.0950169546602098,0.10537338673679526,0.11843266787160614,0.06859663023618719,0.06452925363046208,0.005485512144062103,0.004164024574104503,0.0,0.29500000000000004,4,99,openai/gpt-oss-20b,2024-03-27 00:00:00,2026-03-19 00:00:00,2026-03-20 00:00:00,2026-04-17 00:00:00
46,llm,0.0369258781479238,"{""SBER"": 0.3, ""FXIT"": 0.3, ""FXUS"": 0.25, ""IRAO"": 0.05, ""MOEX"": 0.1}",1,0.0420258781479238,0.1379411652127481,0.12668087926525634,0.1379411652127481,0.15090739913056808,0.09033111620635143,0.08307046451923952,0.009525889747966138,0.006900702075442231,0.0,0.255,5,99,openai/gpt-oss-20b,2024-03-27 00:00:00,2026-03-19 00:00:00,2026-03-20 00:00:00,2026-04-17 00:00:00
46,llm,0.012809694288288508,"{""SBER"": 0.15789473684210525, ""FXIT"": 0.15789473684210525, ""FXUS"": 0.15789473684210525, ""IRAO"": 0.10526315789473684, ""MOEX"": 0.10526315789473684, ""GAZP"": 0.10526315789473684, ""LKOH"": 0.10526315789473684, ""NVTK"": 0.10526315789473684}",1,0.015413572404631998,0.2311510551065983,0.19672536920414588,0.2311510551065983,0.24229392321676085,0.15281313628577115,0.15144920722989372,0.025865644829596794,0.022936862370563294,0.0,0.1301939058171745,8,99,openai/gpt-oss-20b,2024-03-27 00:00:00,2026-03-19 00:00:00,2026-03-20 00:00:00,2026-04-17 00:00:00
47,llm,0.037823447902004974,"{""SBER"": 0.3, ""FXIT"": 0.4, ""FXUS"": 0.3}",1,0.044623447902004974,0.10045262872016392,0.08919969773498627,0.10045262872016392,0.10896326010887214,0.06382746145158934,0.060225472909401286,0.004901184169340292,0.003627107587161028,0.0,0.34,3,99,openai/gpt-oss-20b,2024-03-27 00:00:00,2026-03-19 00:00:00,2026-03-20 00:00:00,2026-04-17 00:00:00
47,llm,0.05076009865752395,"{""SBER"": 0.4, ""FXIT"": 0.25, ""FXUS"": 0.25, ""IRAO"": 0.1}",1,0.05666009865752395,0.15527023516843474,0.13852898202749106,0.15527023516843474,0.17095671720493247,0.09983467661321625,0.09462691027919005,0.011761022899174876,0.008954252148985884,0.0,0.29500000000000004,4,99,openai/gpt-oss-20b,2024-03-27 00:00:00,2026-03-19 00:00:00,2026-03-20 00:00:00,2026-04-17 00:00:00
47,llm,-0.001408542961162695,"{""SBER"": 0.25, ""IRAO"": 0.25, ""MOEX"": 0.25, ""GAZP"": 0.25}",1,0.003591457038837305,0.3259535032534005,0.2885379307806865,0.3259535032534005,0.33569342338039876,0.2154331807726651,0.20188878705937766,0.05161669486616745,0.040759082340306736,0.0,0.25,4,99,openai/gpt-oss-20b,2024-03-27 00:00:00,2026-03-19 00:00:00,2026-03-20 00:00:00,2026-04-17 00:00:00
48,llm,0.04074944990267909,"{""SBER"": 0.3333333333333333, ""FXIT"": 0.3333333333333333, ""FXUS"": 0.22222222222222224, ""IRAO"": 0.11111111111111112}",1,0.0464284622483581,0.13549718015539328,0.12163684947091244,0.13549718015539328,0.15091859137276376,0.08772418853035993,0.0828485753945027,0.009018593892623744,0.006863886444898598,0.0,0.2839506172839506,4,99,openai/gpt-oss-20b,2024-03-27 00:00:00,2026-03-19 00:00:00,2026-03-20 00:00:00,2026-04-17 00:00:00
48,llm,-0.004042778673091288,"{""SBER"": 0.2, ""FXIT"": 0.2, ""FXUS"": 0.2, ""IRAO"": 0.1, ""MOEX"": 0.1, ""GAZP"": 0.05, ""LKOH"": 0.05, ""YDEX"": 0.05, ""ASTR"": 0.05}",1,-0.001042778673091287,0.18186552645130014,0.16290478841948292,0.18186552645130014,0.20336730413333054,0.12008784249443863,0.11433284259257159,0.01637649049192317,0.013071998895297754,0.0,0.15000000000000002,9,99,openai/gpt-oss-20b,2024-03-27 00:00:00,2026-03-19 00:00:00,2026-03-20 00:00:00,2026-04-17 00:00:00
49,llm,0.03752344790200497,"{""SBER"": 0.3, ""FXIT"": 0.45, ""FXUS"": 0.25}",1,0.044623447902004974,0.10045262872016392,0.08919969773498627,0.10045262872016392,0.10896326010887214,0.06382746145158934,0.060225472909401286,0.004901184169340292,0.003627107587161028,0.0,0.355,3,99,openai/gpt-oss-20b,2024-03-27 00:00:00,2026-03-19 00:00:00,2026-03-20 00:00:00,2026-04-17 00:00:00
49,llm,0.044792708496746075,"{""SBER"": 0.35000000000000003, ""FXIT"": 0.30000000000000004, ""FXUS"": 0.20000000000000004, ""MOEX"": 0.15000000000000002}",1,0.05029270849674608,0.15861872688846249,0.1471538265977255,0.15861872688846249,0.17245086848929805,0.1039144771426643,0.09428018400004322,0.012627440456188039,0.008888753095082004,0.0,0.2750000000000001,4,99,openai/gpt-oss-20b,2024-03-27 00:00:00,2026-03-19 00:00:00,2026-03-20 00:00:00,2026-04-17 00:00:00
49,llm,0.019581999953507522,"{""SBER"": 0.2, ""FXIT"": 0.15, ""FXUS"": 0.15, ""MOEX"": 0.2, ""CHMF"": 0.1, ""RUAL"": 0.2}",1,0.023081999953507522,0.24664747811413418,0.22261428424920177,0.24664747811413418,0.26142014664154073,0.16675608088096752,0.15689408771266758,0.031038034055895693,0.02461575475919023,0.0,0.17500000000000002,6,99,openai/gpt-oss-20b,2024-03-27 00:00:00,2026-03-19 00:00:00,2026-03-20 00:00:00,2026-04-17 00:00:00
